username,email,age
user1,user1@gmail.com,19
user2,user2@gmail.com,20
user3,user3@gmail.com,21
user4,user4@gmail.com,22
user5,user5@gmail.com,23
user6,user6@gmail.com,24
user7,user7@gmail.com,25
user8,user8@gmail.com,26
user9,user9@gmail.com,27
user10,user10@gmail.com,28
user11,user11@gmail.com,29
user12,user12@gmail.com,30
user13,user13@gmail.com,31
user14,user14@gmail.com,32
user15,user15@gmail.com,33
user16,user16@gmail.com,34
user17,user17@gmail.com,35
user18,user18@gmail.com,36
user19,user19@gmail.com,37
user20,user20@gmail.com,38
user21,user21@gmail.com,39
user22,user22@gmail.com,40
user23,user23@gmail.com,41
user24,user24@gmail.com,42
user25,user25@gmail.com,43
user26,user26@gmail.com,44
user27,user27@gmail.com,45
user28,user28@gmail.com,46
user29,user29@gmail.com,47
user30,user30@gmail.com,48
user31,user31@gmail.com,49
user32,user32@gmail.com,50
user33,user33@gmail.com,51
user34,user34@gmail.com,52
user35,user35@gmail.com,53
user36,user36@gmail.com,54
user37,user37@gmail.com,55
user38,user38@gmail.com,56
user39,user39@gmail.com,57
user40,user40@gmail.com,18
user41,user41@gmail.com,19
user42,user42@gmail.com,20
user43,user43@gmail.com,21
user44,user44@gmail.com,22
user45,user45@gmail.com,23
user46,user46@gmail.com,24
user47,user47@gmail.com,25
user48,user48@gmail.com,26
user49,user49@gmail.com,27
user50,user50@gmail.com,28
user51,user51@gmail.com,29
user52,user52@gmail.com,30
user53,user53@gmail.com,31
user54,user54@gmail.com,32
user55,user55@gmail.com,33
user56,user56@gmail.com,34
user57,user57@gmail.com,35
user58,user58@gmail.com,36
user59,user59@gmail.com,37
user60,user60@gmail.com,38
user61,user61@gmail.com,39
user62,user62@gmail.com,40
user63,user63@gmail.com,41
user64,user64@gmail.com,42
user65,user65@gmail.com,43
user66,user66@gmail.com,44
user67,user67@gmail.com,45
user68,user68@gmail.com,46
user69,user69@gmail.com,47
user70,user70@gmail.com,48
user71,user71@gmail.com,49
user72,user72@gmail.com,50
user73,user73@gmail.com,51
user74,user74@gmail.com,52
user75,user75@gmail.com,53
user76,user76@gmail.com,54
user77,user77@gmail.com,55
user78,user78@gmail.com,56
user79,user79@gmail.com,57
user80,user80@gmail.com,18
user81,user81@gmail.com,19
user82,user82@gmail.com,20
user83,user83@gmail.com,21
user84,user84@gmail.com,22
user85,user85@gmail.com,23
user86,user86@gmail.com,24
user87,user87@gmail.com,25
user88,user88@gmail.com,26
user89,user89@gmail.com,27
user90,user90@gmail.com,28
user91,user91@gmail.com,29
user92,user92@gmail.com,30
user93,user93@gmail.com,31
user94,user94@gmail.com,32
user95,user95@gmail.com,33
user96,user96@gmail.com,34
user97,user97@gmail.com,35
user98,user98@gmail.com,36
user99,user99@gmail.com,37
user100,user100@gmail.com,38
user101,user101@gmail.com,39
user102,user102@gmail.com,40
user103,user103@gmail.com,41
user104,user104@gmail.com,42
user105,user105@gmail.com,43
user106,user106@gmail.com,44
user107,user107@gmail.com,45
user108,user108@gmail.com,46
user109,user109@gmail.com,47
user110,user110@gmail.com,48
user111,user111@gmail.com,49
user112,user112@gmail.com,50
user113,user113@gmail.com,51
user114,user114@gmail.com,52
user115,user115@gmail.com,53
user116,user116@gmail.com,54
user117,user117@gmail.com,55
user118,user118@gmail.com,56
user119,user119@gmail.com,57
user120,user120@gmail.com,18
user121,user121@gmail.com,19
user122,user122@gmail.com,20
user123,user123@gmail.com,21
user124,user124@gmail.com,22
user125,user125@gmail.com,23
user126,user126@gmail.com,24
user127,user127@gmail.com,25
user128,user128@gmail.com,26
user129,user129@gmail.com,27
user130,user130@gmail.com,28
user131,user131@gmail.com,29
user132,user132@gmail.com,30
user133,user133@gmail.com,31
user134,user134@gmail.com,32
user135,user135@gmail.com,33
user136,user136@gmail.com,34
user137,user137@gmail.com,35
user138,user138@gmail.com,36
user139,user139@gmail.com,37
user140,user140@gmail.com,38
user141,user141@gmail.com,39
user142,user142@gmail.com,40
user143,user143@gmail.com,41
user144,user144@gmail.com,42
user145,user145@gmail.com,43
user146,user146@gmail.com,44
user147,user147@gmail.com,45
user148,user148@gmail.com,46
user149,user149@gmail.com,47
user150,user150@gmail.com,48
user151,user151@gmail.com,49
user152,user152@gmail.com,50
user153,user153@gmail.com,51
user154,user154@gmail.com,52
user155,user155@gmail.com,53
user156,user156@gmail.com,54
user157,user157@gmail.com,55
user158,user158@gmail.com,56
user159,user159@gmail.com,57
user160,user160@gmail.com,18
user161,user161@gmail.com,19
user162,user162@gmail.com,20
user163,user163@gmail.com,21
user164,user164@gmail.com,22
user165,user165@gmail.com,23
user166,user166@gmail.com,24
user167,user167@gmail.com,25
user168,user168@gmail.com,26
user169,user169@gmail.com,27
user170,user170@gmail.com,28
user171,user171@gmail.com,29
user172,user172@gmail.com,30
user173,user173@gmail.com,31
user174,user174@gmail.com,32
user175,user175@gmail.com,33
user176,user176@gmail.com,34
user177,user177@gmail.com,35
user178,user178@gmail.com,36
user179,user179@gmail.com,37
user180,user180@gmail.com,38
user181,user181@gmail.com,39
user182,user182@gmail.com,40
user183,user183@gmail.com,41
user184,user184@gmail.com,42
user185,user185@gmail.com,43
user186,user186@gmail.com,44
user187,user187@gmail.com,45
user188,user188@gmail.com,46
user189,user189@gmail.com,47
user190,user190@gmail.com,48
user191,user191@gmail.com,49
user192,user192@gmail.com,50
user193,user193@gmail.com,51
user194,user194@gmail.com,52
user195,user195@gmail.com,53
user196,user196@gmail.com,54
user197,user197@gmail.com,55
user198,user198@gmail.com,56
user199,user199@gmail.com,57
user200,user200@gmail.com,18
user201,user201@gmail.com,19
user202,user202@gmail.com,20
user203,user203@gmail.com,21
user204,user204@gmail.com,22
user205,user205@gmail.com,23
user206,user206@gmail.com,24
user207,user207@gmail.com,25
user208,user208@gmail.com,26
user209,user209@gmail.com,27
user210,user210@gmail.com,28
user211,user211@gmail.com,29
user212,user212@gmail.com,30
user213,user213@gmail.com,31
user214,user214@gmail.com,32
user215,user215@gmail.com,33
user216,user216@gmail.com,34
user217,user217@gmail.com,35
user218,user218@gmail.com,36
user219,user219@gmail.com,37
user220,user220@gmail.com,38
user221,user221@gmail.com,39
user222,user222@gmail.com,40
user223,user223@gmail.com,41
user224,user224@gmail.com,42
user225,user225@gmail.com,43
user226,user226@gmail.com,44
user227,user227@gmail.com,45
user228,user228@gmail.com,46
user229,user229@gmail.com,47
user230,user230@gmail.com,48
user231,user231@gmail.com,49
user232,user232@gmail.com,50
user233,user233@gmail.com,51
user234,user234@gmail.com,52
user235,user235@gmail.com,53
user236,user236@gmail.com,54
user237,user237@gmail.com,55
user238,user238@gmail.com,56
user239,user239@gmail.com,57
user240,user240@gmail.com,18
user241,user241@gmail.com,19
user242,user242@gmail.com,20
user243,user243@gmail.com,21
user244,user244@gmail.com,22
user245,user245@gmail.com,23
user246,user246@gmail.com,24
user247,user247@gmail.com,25
user248,user248@gmail.com,26
user249,user249@gmail.com,27
user250,user250@gmail.com,28
user251,user251@gmail.com,29
user252,user252@gmail.com,30
user253,user253@gmail.com,31
user254,user254@gmail.com,32
user255,user255@gmail.com,33
user256,user256@gmail.com,34
user257,user257@gmail.com,35
user258,user258@gmail.com,36
user259,user259@gmail.com,37
user260,user260@gmail.com,38
user261,user261@gmail.com,39
user262,user262@gmail.com,40
user263,user263@gmail.com,41
user264,user264@gmail.com,42
user265,user265@gmail.com,43
user266,user266@gmail.com,44
user267,user267@gmail.com,45
user268,user268@gmail.com,46
user269,user269@gmail.com,47
user270,user270@gmail.com,48
user271,user271@gmail.com,49
user272,user272@gmail.com,50
user273,user273@gmail.com,51
user274,user274@gmail.com,52
user275,user275@gmail.com,53
user276,user276@gmail.com,54
user277,user277@gmail.com,55
user278,user278@gmail.com,56
user279,user279@gmail.com,57
user280,user280@gmail.com,18
user281,user281@gmail.com,19
user282,user282@gmail.com,20
user283,user283@gmail.com,21
user284,user284@gmail.com,22
user285,user285@gmail.com,23
user286,user286@gmail.com,24
user287,user287@gmail.com,25
user288,user288@gmail.com,26
user289,user289@gmail.com,27
user290,user290@gmail.com,28
user291,user291@gmail.com,29
user292,user292@gmail.com,30
user293,user293@gmail.com,31
user294,user294@gmail.com,32
user295,user295@gmail.com,33
user296,user296@gmail.com,34
user297,user297@gmail.com,35
user298,user298@gmail.com,36
user299,user299@gmail.com,37
user300,user300@gmail.com,38
user301,user301@gmail.com,39
user302,user302@gmail.com,40
user303,user303@gmail.com,41
user304,user304@gmail.com,42
user305,user305@gmail.com,43
user306,user306@gmail.com,44
user307,user307@gmail.com,45
user308,user308@gmail.com,46
user309,user309@gmail.com,47
user310,user310@gmail.com,48
user311,user311@gmail.com,49
user312,user312@gmail.com,50
user313,user313@gmail.com,51
user314,user314@gmail.com,52
user315,user315@gmail.com,53
user316,user316@gmail.com,54
user317,user317@gmail.com,55
user318,user318@gmail.com,56
user319,user319@gmail.com,57
user320,user320@gmail.com,18
user321,user321@gmail.com,19
user322,user322@gmail.com,20
user323,user323@gmail.com,21
user324,user324@gmail.com,22
user325,user325@gmail.com,23
user326,user326@gmail.com,24
user327,user327@gmail.com,25
user328,user328@gmail.com,26
user329,user329@gmail.com,27
user330,user330@gmail.com,28
user331,user331@gmail.com,29
user332,user332@gmail.com,30
user333,user333@gmail.com,31
user334,user334@gmail.com,32
user335,user335@gmail.com,33
user336,user336@gmail.com,34
user337,user337@gmail.com,35
user338,user338@gmail.com,36
user339,user339@gmail.com,37
user340,user340@gmail.com,38
user341,user341@gmail.com,39
user342,user342@gmail.com,40
user343,user343@gmail.com,41
user344,user344@gmail.com,42
user345,user345@gmail.com,43
user346,user346@gmail.com,44
user347,user347@gmail.com,45
user348,user348@gmail.com,46
user349,user349@gmail.com,47
user350,user350@gmail.com,48
user351,user351@gmail.com,49
user352,user352@gmail.com,50
user353,user353@gmail.com,51
user354,user354@gmail.com,52
user355,user355@gmail.com,53
user356,user356@gmail.com,54
user357,user357@gmail.com,55
user358,user358@gmail.com,56
user359,user359@gmail.com,57
user360,user360@gmail.com,18
user361,user361@gmail.com,19
user362,user362@gmail.com,20
user363,user363@gmail.com,21
user364,user364@gmail.com,22
user365,user365@gmail.com,23
user366,user366@gmail.com,24
user367,user367@gmail.com,25
user368,user368@gmail.com,26
user369,user369@gmail.com,27
user370,user370@gmail.com,28
user371,user371@gmail.com,29
user372,user372@gmail.com,30
user373,user373@gmail.com,31
user374,user374@gmail.com,32
user375,user375@gmail.com,33
user376,user376@gmail.com,34
user377,user377@gmail.com,35
user378,user378@gmail.com,36
user379,user379@gmail.com,37
user380,user380@gmail.com,38
user381,user381@gmail.com,39
user382,user382@gmail.com,40
user383,user383@gmail.com,41
user384,user384@gmail.com,42
user385,user385@gmail.com,43
user386,user386@gmail.com,44
user387,user387@gmail.com,45
user388,user388@gmail.com,46
user389,user389@gmail.com,47
user390,user390@gmail.com,48
user391,user391@gmail.com,49
user392,user392@gmail.com,50
user393,user393@gmail.com,51
user394,user394@gmail.com,52
user395,user395@gmail.com,53
user396,user396@gmail.com,54
user397,user397@gmail.com,55
user398,user398@gmail.com,56
user399,user399@gmail.com,57
user400,user400@gmail.com,18
user401,user401@gmail.com,19
user402,user402@gmail.com,20
user403,user403@gmail.com,21
user404,user404@gmail.com,22
user405,user405@gmail.com,23
user406,user406@gmail.com,24
user407,user407@gmail.com,25
user408,user408@gmail.com,26
user409,user409@gmail.com,27
user410,user410@gmail.com,28
user411,user411@gmail.com,29
user412,user412@gmail.com,30
user413,user413@gmail.com,31
user414,user414@gmail.com,32
user415,user415@gmail.com,33
user416,user416@gmail.com,34
user417,user417@gmail.com,35
user418,user418@gmail.com,36
user419,user419@gmail.com,37
user420,user420@gmail.com,38
user421,user421@gmail.com,39
user422,user422@gmail.com,40
user423,user423@gmail.com,41
user424,user424@gmail.com,42
user425,user425@gmail.com,43
user426,user426@gmail.com,44
user427,user427@gmail.com,45
user428,user428@gmail.com,46
user429,user429@gmail.com,47
user430,user430@gmail.com,48
user431,user431@gmail.com,49
user432,user432@gmail.com,50
user433,user433@gmail.com,51
user434,user434@gmail.com,52
user435,user435@gmail.com,53
user436,user436@gmail.com,54
user437,user437@gmail.com,55
user438,user438@gmail.com,56
user439,user439@gmail.com,57
user440,user440@gmail.com,18
user441,user441@gmail.com,19
user442,user442@gmail.com,20
user443,user443@gmail.com,21
user444,user444@gmail.com,22
user445,user445@gmail.com,23
user446,user446@gmail.com,24
user447,user447@gmail.com,25
user448,user448@gmail.com,26
user449,user449@gmail.com,27
user450,user450@gmail.com,28
user451,user451@gmail.com,29
user452,user452@gmail.com,30
user453,user453@gmail.com,31
user454,user454@gmail.com,32
user455,user455@gmail.com,33
user456,user456@gmail.com,34
user457,user457@gmail.com,35
user458,user458@gmail.com,36
user459,user459@gmail.com,37
user460,user460@gmail.com,38
user461,user461@gmail.com,39
user462,user462@gmail.com,40
user463,user463@gmail.com,41
user464,user464@gmail.com,42
user465,user465@gmail.com,43
user466,user466@gmail.com,44
user467,user467@gmail.com,45
user468,user468@gmail.com,46
user469,user469@gmail.com,47
user470,user470@gmail.com,48
user471,user471@gmail.com,49
user472,user472@gmail.com,50
user473,user473@gmail.com,51
user474,user474@gmail.com,52
user475,user475@gmail.com,53
user476,user476@gmail.com,54
user477,user477@gmail.com,55
user478,user478@gmail.com,56
user479,user479@gmail.com,57
user480,user480@gmail.com,18
user481,user481@gmail.com,19
user482,user482@gmail.com,20
user483,user483@gmail.com,21
user484,user484@gmail.com,22
user485,user485@gmail.com,23
user486,user486@gmail.com,24
user487,user487@gmail.com,25
user488,user488@gmail.com,26
user489,user489@gmail.com,27
user490,user490@gmail.com,28
user491,user491@gmail.com,29
user492,user492@gmail.com,30
user493,user493@gmail.com,31
user494,user494@gmail.com,32
user495,user495@gmail.com,33
user496,user496@gmail.com,34
user497,user497@gmail.com,35
user498,user498@gmail.com,36
user499,user499@gmail.com,37
user500,user500@gmail.com,38
user501,user501@gmail.com,39
user502,user502@gmail.com,40
user503,user503@gmail.com,41
user504,user504@gmail.com,42
user505,user505@gmail.com,43
user506,user506@gmail.com,44
user507,user507@gmail.com,45
user508,user508@gmail.com,46
user509,user509@gmail.com,47
user510,user510@gmail.com,48
user511,user511@gmail.com,49
user512,user512@gmail.com,50
user513,user513@gmail.com,51
user514,user514@gmail.com,52
user515,user515@gmail.com,53
user516,user516@gmail.com,54
user517,user517@gmail.com,55
user518,user518@gmail.com,56
user519,user519@gmail.com,57
user520,user520@gmail.com,18
user521,user521@gmail.com,19
user522,user522@gmail.com,20
user523,user523@gmail.com,21
user524,user524@gmail.com,22
user525,user525@gmail.com,23
user526,user526@gmail.com,24
user527,user527@gmail.com,25
user528,user528@gmail.com,26
user529,user529@gmail.com,27
user530,user530@gmail.com,28
user531,user531@gmail.com,29
user532,user532@gmail.com,30
user533,user533@gmail.com,31
user534,user534@gmail.com,32
user535,user535@gmail.com,33
user536,user536@gmail.com,34
user537,user537@gmail.com,35
user538,user538@gmail.com,36
user539,user539@gmail.com,37
user540,user540@gmail.com,38
user541,user541@gmail.com,39
user542,user542@gmail.com,40
user543,user543@gmail.com,41
user544,user544@gmail.com,42
user545,user545@gmail.com,43
user546,user546@gmail.com,44
user547,user547@gmail.com,45
user548,user548@gmail.com,46
user549,user549@gmail.com,47
user550,user550@gmail.com,48
user551,user551@gmail.com,49
user552,user552@gmail.com,50
user553,user553@gmail.com,51
user554,user554@gmail.com,52
user555,user555@gmail.com,53
user556,user556@gmail.com,54
user557,user557@gmail.com,55
user558,user558@gmail.com,56
user559,user559@gmail.com,57
user560,user560@gmail.com,18
user561,user561@gmail.com,19
user562,user562@gmail.com,20
user563,user563@gmail.com,21
user564,user564@gmail.com,22
user565,user565@gmail.com,23
user566,user566@gmail.com,24
user567,user567@gmail.com,25
user568,user568@gmail.com,26
user569,user569@gmail.com,27
user570,user570@gmail.com,28
user571,user571@gmail.com,29
user572,user572@gmail.com,30
user573,user573@gmail.com,31
user574,user574@gmail.com,32
user575,user575@gmail.com,33
user576,user576@gmail.com,34
user577,user577@gmail.com,35
user578,user578@gmail.com,36
user579,user579@gmail.com,37
user580,user580@gmail.com,38
user581,user581@gmail.com,39
user582,user582@gmail.com,40
user583,user583@gmail.com,41
user584,user584@gmail.com,42
user585,user585@gmail.com,43
user586,user586@gmail.com,44
user587,user587@gmail.com,45
user588,user588@gmail.com,46
user589,user589@gmail.com,47
user590,user590@gmail.com,48
user591,user591@gmail.com,49
user592,user592@gmail.com,50
user593,user593@gmail.com,51
user594,user594@gmail.com,52
user595,user595@gmail.com,53
user596,user596@gmail.com,54
user597,user597@gmail.com,55
user598,user598@gmail.com,56
user599,user599@gmail.com,57
user600,user600@gmail.com,18
user601,user601@gmail.com,19
user602,user602@gmail.com,20
user603,user603@gmail.com,21
user604,user604@gmail.com,22
user605,user605@gmail.com,23
user606,user606@gmail.com,24
user607,user607@gmail.com,25
user608,user608@gmail.com,26
user609,user609@gmail.com,27
user610,user610@gmail.com,28
user611,user611@gmail.com,29
user612,user612@gmail.com,30
user613,user613@gmail.com,31
user614,user614@gmail.com,32
user615,user615@gmail.com,33
user616,user616@gmail.com,34
user617,user617@gmail.com,35
user618,user618@gmail.com,36
user619,user619@gmail.com,37
user620,user620@gmail.com,38
user621,user621@gmail.com,39
user622,user622@gmail.com,40
user623,user623@gmail.com,41
user624,user624@gmail.com,42
user625,user625@gmail.com,43
user626,user626@gmail.com,44
user627,user627@gmail.com,45
user628,user628@gmail.com,46
user629,user629@gmail.com,47
user630,user630@gmail.com,48
user631,user631@gmail.com,49
user632,user632@gmail.com,50
user633,user633@gmail.com,51
user634,user634@gmail.com,52
user635,user635@gmail.com,53
user636,user636@gmail.com,54
user637,user637@gmail.com,55
user638,user638@gmail.com,56
user639,user639@gmail.com,57
user640,user640@gmail.com,18
user641,user641@gmail.com,19
user642,user642@gmail.com,20
user643,user643@gmail.com,21
user644,user644@gmail.com,22
user645,user645@gmail.com,23
user646,user646@gmail.com,24
user647,user647@gmail.com,25
user648,user648@gmail.com,26
user649,user649@gmail.com,27
user650,user650@gmail.com,28
user651,user651@gmail.com,29
user652,user652@gmail.com,30
user653,user653@gmail.com,31
user654,user654@gmail.com,32
user655,user655@gmail.com,33
user656,user656@gmail.com,34
user657,user657@gmail.com,35
user658,user658@gmail.com,36
user659,user659@gmail.com,37
user660,user660@gmail.com,38
user661,user661@gmail.com,39
user662,user662@gmail.com,40
user663,user663@gmail.com,41
user664,user664@gmail.com,42
user665,user665@gmail.com,43
user666,user666@gmail.com,44
user667,user667@gmail.com,45
user668,user668@gmail.com,46
user669,user669@gmail.com,47
user670,user670@gmail.com,48
user671,user671@gmail.com,49
user672,user672@gmail.com,50
user673,user673@gmail.com,51
user674,user674@gmail.com,52
user675,user675@gmail.com,53
user676,user676@gmail.com,54
user677,user677@gmail.com,55
user678,user678@gmail.com,56
user679,user679@gmail.com,57
user680,user680@gmail.com,18
user681,user681@gmail.com,19
user682,user682@gmail.com,20
user683,user683@gmail.com,21
user684,user684@gmail.com,22
user685,user685@gmail.com,23
user686,user686@gmail.com,24
user687,user687@gmail.com,25
user688,user688@gmail.com,26
user689,user689@gmail.com,27
user690,user690@gmail.com,28
user691,user691@gmail.com,29
user692,user692@gmail.com,30
user693,user693@gmail.com,31
user694,user694@gmail.com,32
user695,user695@gmail.com,33
user696,user696@gmail.com,34
user697,user697@gmail.com,35
user698,user698@gmail.com,36
user699,user699@gmail.com,37
user700,user700@gmail.com,38
user701,user701@gmail.com,39
user702,user702@gmail.com,40
user703,user703@gmail.com,41
user704,user704@gmail.com,42
user705,user705@gmail.com,43
user706,user706@gmail.com,44
user707,user707@gmail.com,45
user708,user708@gmail.com,46
user709,user709@gmail.com,47
user710,user710@gmail.com,48
user711,user711@gmail.com,49
user712,user712@gmail.com,50
user713,user713@gmail.com,51
user714,user714@gmail.com,52
user715,user715@gmail.com,53
user716,user716@gmail.com,54
user717,user717@gmail.com,55
user718,user718@gmail.com,56
user719,user719@gmail.com,57
user720,user720@gmail.com,18
user721,user721@gmail.com,19
user722,user722@gmail.com,20
user723,user723@gmail.com,21
user724,user724@gmail.com,22
user725,user725@gmail.com,23
user726,user726@gmail.com,24
user727,user727@gmail.com,25
user728,user728@gmail.com,26
user729,user729@gmail.com,27
user730,user730@gmail.com,28
user731,user731@gmail.com,29
user732,user732@gmail.com,30
user733,user733@gmail.com,31
user734,user734@gmail.com,32
user735,user735@gmail.com,33
user736,user736@gmail.com,34
user737,user737@gmail.com,35
user738,user738@gmail.com,36
user739,user739@gmail.com,37
user740,user740@gmail.com,38
user741,user741@gmail.com,39
user742,user742@gmail.com,40
user743,user743@gmail.com,41
user744,user744@gmail.com,42
user745,user745@gmail.com,43
user746,user746@gmail.com,44
user747,user747@gmail.com,45
user748,user748@gmail.com,46
user749,user749@gmail.com,47
user750,user750@gmail.com,48
user751,user751@gmail.com,49
user752,user752@gmail.com,50
user753,user753@gmail.com,51
user754,user754@gmail.com,52
user755,user755@gmail.com,53
user756,user756@gmail.com,54
user757,user757@gmail.com,55
user758,user758@gmail.com,56
user759,user759@gmail.com,57
user760,user760@gmail.com,18
user761,user761@gmail.com,19
user762,user762@gmail.com,20
user763,user763@gmail.com,21
user764,user764@gmail.com,22
user765,user765@gmail.com,23
user766,user766@gmail.com,24
user767,user767@gmail.com,25
user768,user768@gmail.com,26
user769,user769@gmail.com,27
user770,user770@gmail.com,28
user771,user771@gmail.com,29
user772,user772@gmail.com,30
user773,user773@gmail.com,31
user774,user774@gmail.com,32
user775,user775@gmail.com,33
user776,user776@gmail.com,34
user777,user777@gmail.com,35
user778,user778@gmail.com,36
user779,user779@gmail.com,37
user780,user780@gmail.com,38
user781,user781@gmail.com,39
user782,user782@gmail.com,40
user783,user783@gmail.com,41
user784,user784@gmail.com,42
user785,user785@gmail.com,43
user786,user786@gmail.com,44
user787,user787@gmail.com,45
user788,user788@gmail.com,46
user789,user789@gmail.com,47
user790,user790@gmail.com,48
user791,user791@gmail.com,49
user792,user792@gmail.com,50
user793,user793@gmail.com,51
user794,user794@gmail.com,52
user795,user795@gmail.com,53
user796,user796@gmail.com,54
user797,user797@gmail.com,55
user798,user798@gmail.com,56
user799,user799@gmail.com,57
user800,user800@gmail.com,18
user801,user801@gmail.com,19
user802,user802@gmail.com,20
user803,user803@gmail.com,21
user804,user804@gmail.com,22
user805,user805@gmail.com,23
user806,user806@gmail.com,24
user807,user807@gmail.com,25
user808,user808@gmail.com,26
user809,user809@gmail.com,27
user810,user810@gmail.com,28
user811,user811@gmail.com,29
user812,user812@gmail.com,30
user813,user813@gmail.com,31
user814,user814@gmail.com,32
user815,user815@gmail.com,33
user816,user816@gmail.com,34
user817,user817@gmail.com,35
user818,user818@gmail.com,36
user819,user819@gmail.com,37
user820,user820@gmail.com,38
user821,user821@gmail.com,39
user822,user822@gmail.com,40
user823,user823@gmail.com,41
user824,user824@gmail.com,42
user825,user825@gmail.com,43
user826,user826@gmail.com,44
user827,user827@gmail.com,45
user828,user828@gmail.com,46
user829,user829@gmail.com,47
user830,user830@gmail.com,48
user831,user831@gmail.com,49
user832,user832@gmail.com,50
user833,user833@gmail.com,51
user834,user834@gmail.com,52
user835,user835@gmail.com,53
user836,user836@gmail.com,54
user837,user837@gmail.com,55
user838,user838@gmail.com,56
user839,user839@gmail.com,57
user840,user840@gmail.com,18
user841,user841@gmail.com,19
user842,user842@gmail.com,20
user843,user843@gmail.com,21
user844,user844@gmail.com,22
user845,user845@gmail.com,23
user846,user846@gmail.com,24
user847,user847@gmail.com,25
user848,user848@gmail.com,26
user849,user849@gmail.com,27
user850,user850@gmail.com,28
user851,user851@gmail.com,29
user852,user852@gmail.com,30
user853,user853@gmail.com,31
user854,user854@gmail.com,32
user855,user855@gmail.com,33
user856,user856@gmail.com,34
user857,user857@gmail.com,35
user858,user858@gmail.com,36
user859,user859@gmail.com,37
user860,user860@gmail.com,38
user861,user861@gmail.com,39
user862,user862@gmail.com,40
user863,user863@gmail.com,41
user864,user864@gmail.com,42
user865,user865@gmail.com,43
user866,user866@gmail.com,44
user867,user867@gmail.com,45
user868,user868@gmail.com,46
user869,user869@gmail.com,47
user870,user870@gmail.com,48
user871,user871@gmail.com,49
user872,user872@gmail.com,50
user873,user873@gmail.com,51
user874,user874@gmail.com,52
user875,user875@gmail.com,53
user876,user876@gmail.com,54
user877,user877@gmail.com,55
user878,user878@gmail.com,56
user879,user879@gmail.com,57
user880,user880@gmail.com,18
user881,user881@gmail.com,19
user882,user882@gmail.com,20
user883,user883@gmail.com,21
user884,user884@gmail.com,22
user885,user885@gmail.com,23
user886,user886@gmail.com,24
user887,user887@gmail.com,25
user888,user888@gmail.com,26
user889,user889@gmail.com,27
user890,user890@gmail.com,28
user891,user891@gmail.com,29
user892,user892@gmail.com,30
user893,user893@gmail.com,31
user894,user894@gmail.com,32
user895,user895@gmail.com,33
user896,user896@gmail.com,34
user897,user897@gmail.com,35
user898,user898@gmail.com,36
user899,user899@gmail.com,37
user900,user900@gmail.com,38
user901,user901@gmail.com,39
user902,user902@gmail.com,40
user903,user903@gmail.com,41
user904,user904@gmail.com,42
user905,user905@gmail.com,43
user906,user906@gmail.com,44
user907,user907@gmail.com,45
user908,user908@gmail.com,46
user909,user909@gmail.com,47
user910,user910@gmail.com,48
user911,user911@gmail.com,49
user912,user912@gmail.com,50
user913,user913@gmail.com,51
user914,user914@gmail.com,52
user915,user915@gmail.com,53
user916,user916@gmail.com,54
user917,user917@gmail.com,55
user918,user918@gmail.com,56
user919,user919@gmail.com,57
user920,user920@gmail.com,18
user921,user921@gmail.com,19
user922,user922@gmail.com,20
user923,user923@gmail.com,21
user924,user924@gmail.com,22
user925,user925@gmail.com,23
user926,user926@gmail.com,24
user927,user927@gmail.com,25
user928,user928@gmail.com,26
user929,user929@gmail.com,27
user930,user930@gmail.com,28
user931,user931@gmail.com,29
user932,user932@gmail.com,30
user933,user933@gmail.com,31
user934,user934@gmail.com,32
user935,user935@gmail.com,33
user936,user936@gmail.com,34
user937,user937@gmail.com,35
user938,user938@gmail.com,36
user939,user939@gmail.com,37
user940,user940@gmail.com,38
user941,user941@gmail.com,39
user942,user942@gmail.com,40
user943,user943@gmail.com,41
user944,user944@gmail.com,42
user945,user945@gmail.com,43
user946,user946@gmail.com,44
user947,user947@gmail.com,45
user948,user948@gmail.com,46
user949,user949@gmail.com,47
user950,user950@gmail.com,48
user951,user951@gmail.com,49
user952,user952@gmail.com,50
user953,user953@gmail.com,51
user954,user954@gmail.com,52
user955,user955@gmail.com,53
user956,user956@gmail.com,54
user957,user957@gmail.com,55
user958,user958@gmail.com,56
user959,user959@gmail.com,57
user960,user960@gmail.com,18
user961,user961@gmail.com,19
user962,user962@gmail.com,20
user963,user963@gmail.com,21
user964,user964@gmail.com,22
user965,user965@gmail.com,23
user966,user966@gmail.com,24
user967,user967@gmail.com,25
user968,user968@gmail.com,26
user969,user969@gmail.com,27
user970,user970@gmail.com,28
user971,user971@gmail.com,29
user972,user972@gmail.com,30
user973,user973@gmail.com,31
user974,user974@gmail.com,32
user975,user975@gmail.com,33
user976,user976@gmail.com,34
user977,user977@gmail.com,35
user978,user978@gmail.com,36
user979,user979@gmail.com,37
user980,user980@gmail.com,38
user981,user981@gmail.com,39
user982,user982@gmail.com,40
user983,user983@gmail.com,41
user984,user984@gmail.com,42
user985,user985@gmail.com,43
user986,user986@gmail.com,44
user987,user987@gmail.com,45
user988,user988@gmail.com,46
user989,user989@gmail.com,47
user990,user990@gmail.com,48
user991,user991@gmail.com,49
user992,user992@gmail.com,50
user993,user993@gmail.com,51
user994,user994@gmail.com,52
user995,user995@gmail.com,53
user996,user996@gmail.com,54
user997,user997@gmail.com,55
user998,user998@gmail.com,56
user999,user999@gmail.com,57
user1000,user1000@gmail.com,18
